CustomerID,Contract_Type,Monthly_Charges,Total_Charges,Tenure_Months,Tech_Support_Calls,Churn
1001,Two Year,37.22,1128.5,30.0,4,No
1002,Month-to-Month,77.21,447.26,6.0,4,No
1003,Two Year,66.94,,67.0,2,No
1004,Two Year,118.41,826.22,7.0,2,No
1005,Month-to-Month,40.08,2100.34,,1,Yes
1006,Month-to-Month,65.81,918.73,14.0,0,Yes
1007,Two Year,117.25,1756.1,15.0,1,No
1008,One Year,107.9,2252.27,21.0,1,No
1009,Two Year,103.54,3617.5,35.0,3,No
1010,Two Year,53.21,3503.69,66.0,3,No
1011,Two Year,45.38,83.11,2.0,1,No
1012,Two Year,90.18,3156.36,35.0,1,No
1013,Month-to-Month,113.64,2248.46,20.0,1,No
1014,Two Year,80.11,786.0,10.0,4,No
1015,One Year,81.45,2035.14,25.0,3,No
1016,Month-to-Month,55.2,3644.41,66.0,1,No
1017,One Year,99.25,2478.92,25.0,2,No
1018,One Year,46.83,2528.41,54.0,2,Yes
1019,One Year,59.13,1947.2,33.0,4,No
1020,One Year,68.29,2458.25,36.0,4,No
1021,Month-to-Month,75.68,1063.86,14.0,0,No
1022,Month-to-Month,51.82,,65.0,0,No
1023,One Year,40.34,2171.47,54.0,0,No
1024,One Year,84.96,4427.07,52.0,4,No
1025,Month-to-Month,55.98,169.51,3.0,4,No
1026,Month-to-Month,82.31,3387.03,41.0,4,Yes
1027,Month-to-Month,43.89,277.67,6.0,2,No
1028,Two Year,73.3,1818.07,25.0,4,No
1029,Two Year,77.93,1004.5,13.0,2,No
1030,Two Year,34.66,285.42,8.0,0,No
1031,One Year,60.29,1249.44,21.0,0,No
1032,Two Year,42.1,2877.0,68.0,0,No
1033,One Year,35.7,,25.0,1,No
1034,One Year,119.1,8104.55,68.0,1,No
1035,Two Year,59.01,2654.29,45.0,3,Yes
1036,One Year,102.89,6159.48,60.0,3,No
1037,Two Year,52.92,645.6,12.0,3,No
1038,Two Year,91.34,2950.39,32.0,1,No
1039,Month-to-Month,98.42,1274.31,13.0,1,No
1040,Two Year,83.61,2588.69,31.0,3,No
1041,Month-to-Month,72.44,1422.31,20.0,3,No
1042,Two Year,67.07,1220.78,18.0,4,Yes
1043,Two Year,61.4,3693.12,60.0,3,No
1044,Month-to-Month,113.66,7143.25,63.0,4,No
1045,Month-to-Month,104.76,607.91,6.0,2,No
1046,Two Year,116.85,3719.71,32.0,1,No
1047,One Year,41.19,1777.62,43.0,3,No
1048,Month-to-Month,95.78,199.01,2.0,1,No
1049,One Year,114.45,6857.77,60.0,1,No
1050,One Year,46.31,1070.12,23.0,1,Yes
1051,One Year,35.98,1116.97,31.0,2,Yes
1052,Month-to-Month,96.7,479.83,5.0,0,No
1053,One Year,81.7,2787.5,34.0,3,No
1054,Month-to-Month,105.76, ,10.0,0,No
1055,One Year,42.58,96.64,,0,No
1056,Two Year,101.57,1109.98,11.0,0,No
1057,Two Year,48.15,2425.32,50.0,1,No
1058,Month-to-Month,44.73,1376.58,31.0,4,No
1059,Two Year,44.78,2504.16,56.0,1,No
1060,Two Year,103.31,930.38,9.0,1,No
1061,One Year,89.87,1887.79,21.0,0,Yes
1062,Month-to-Month,77.08,2163.15,28.0,1,No
1063,One Year,62.29,3849.12,62.0,0,No
1064,One Year,108.95,762.28,7.0,4,No
1065,One Year,65.32,1046.5,16.0,3,No
1066,One Year,103.49,408.68,4.0,0,Yes
1067,One Year,69.52,282.12,4.0,4,No
1068,One Year,63.92,2543.34,40.0,3,No
1069,One Year,71.64,1214.62,17.0,2,No
1070,Month-to-Month,57.12,2962.71,52.0,0,No
1071,Two Year,97.28,5055.33,52.0,0,No
1072,One Year,75.24,2723.11,36.0,2,No
1073,One Year,50.9,1948.86,38.0,2,No
1074,One Year,110.96,5560.7,50.0,0,No
1075,One Year,64.55,4062.03,63.0,2,No
1076,One Year,78.92,4981.04,63.0,1,Yes
1077,One Year,111.58,6919.08,62.0,3,No
1078,Two Year,86.18,603.72,7.0,3,No
1079,Two Year,40.52,1093.27,27.0,3,No
1080,One Year,114.58,1621.7,14.0,1,No
1081,Two Year,86.49,6154.45,71.0,2,No
1082,Month-to-Month,60.14,308.15,5.0,4,No
1083,One Year,42.53,2337.45,55.0,2,No
1084,Month-to-Month,101.46,203.32,2.0,0,No
1085,Month-to-Month,85.81,5325.53,62.0,3,Yes
1086,One Year,78.01,1632.99,21.0,2,Yes
1087,Two Year,110.45,2328.83,21.0,4,No
1088,Month-to-Month,100.97,1000.49,10.0,0,Yes
1089,One Year,43.65,2535.62,58.0,1,Yes
1090,Month-to-Month,58.05,2241.05,39.0,1,No
1091,Month-to-Month,52.36,256.29,5.0,4,No
1092,Month-to-Month,96.96,6323.18,65.0,0,No
1093,Month-to-Month,33.02,439.62,13.0,3,Yes
1094,Two Year,81.29,4323.72,53.0,2,No
1095,Month-to-Month,98.62,4431.23,45.0,0,Yes
1096,Month-to-Month,108.91,3486.16,32.0,1,No
1097,Month-to-Month,60.79,2201.26,,4,No
1098,Two Year,103.91,6240.93,60.0,4,No
1099,Month-to-Month,39.96,444.65,11.0,2,No
1100,Month-to-Month,106.18,6705.65,63.0,4,Yes
1101,Two Year,41.47,860.47,21.0,4,No
1102,Two Year,65.76,3417.68,52.0,0,No
1103,Two Year,101.76,5579.26,55.0,3,No
1104,Month-to-Month,43.49,1119.79,26.0,2,Yes
1105,Two Year,50.63,3453.58,68.0,0,No
1106,Two Year,95.0,3220.83,34.0,3,No
1107,Month-to-Month,94.8,4936.96,52.0,0,No
1108,Two Year,87.7,4576.98,52.0,0,No
1109,Month-to-Month,92.46,2679.56,29.0,4,No
1110,One Year,78.85,3001.5,38.0,3,No
1111,Two Year,52.66,2219.15,42.0,2,No
1112,One Year,61.11,1271.1,21.0,2,No
1113,Month-to-Month,46.34,1940.12,42.0,3,No
1114,Two Year,111.76,1442.84,13.0,4,No
1115,Month-to-Month,82.51,5275.27,64.0,1,No
1116,One Year,66.08,1130.52,17.0,0,No
1117,Month-to-Month,71.58,638.27,9.0,4,No
1118,Two Year,115.26,4725.31,41.0,3,No
1119,Two Year,43.8,33.38,1.0,0,No
1120,One Year,82.76,177.78,2.0,2,No
1121,Month-to-Month,75.53,4526.35,60.0,1,No
1122,Two Year,85.03,4096.67,48.0,2,No
1123,One Year,31.63,917.88,29.0,3,Yes
1124,Two Year,108.49,1070.83,,0,No
1125,Two Year,113.89,6603.91,58.0,3,No
1126,Month-to-Month,80.86,4840.97,60.0,0,Yes
1127,Two Year,92.7,1952.59,21.0,4,No
1128,Month-to-Month,113.02,,28.0,1,No
1129,Two Year,93.65,3185.73,34.0,4,Yes
1130,One Year,43.73,346.15,8.0,4,No
1131,Two Year,81.87,4824.78,59.0,3,No
1132,Month-to-Month,84.6,4135.66,49.0,1,No
1133,Month-to-Month,68.17,1167.25,17.0,0,No
1134,One Year,96.28,5775.07,60.0,0,Yes
1135,Two Year,114.09,5130.9,45.0,2,Yes
1136,Two Year,113.3,7815.72,69.0,0,No
1137,One Year,70.58,2251.77,32.0,3,No
1138,Two Year,40.19,1765.25,44.0,4,No
1139,Two Year,118.64,7713.66,65.0,4,Yes
1140,Month-to-Month,105.5,833.66,8.0,4,No
1141,Two Year,41.22,1763.57,43.0,1,Yes
1142,Two Year,112.88,126.66,,0,Yes
1143,One Year,108.29,5519.16,51.0,3,No
1144,One Year,76.7,1835.28,24.0,1,No
1145,Month-to-Month,83.21,1983.6,24.0,2,No
1146,Two Year,65.91,1128.98,17.0,3,No
1147,Two Year,34.93,164.09,5.0,3,No
1148,Two Year,60.17,1203.25,20.0,3,No
1149,Month-to-Month,102.26,2130.38,21.0,4,No
1150,Month-to-Month,30.42,1772.54,58.0,3,No
1151,One Year,60.01,1872.08,31.0,0,No
1152,Month-to-Month,65.84,729.09,11.0,3,No
1153,Two Year,78.37,4059.9,52.0,4,Yes
1154,Two Year,112.79,1700.24,15.0,3,No
1155,Month-to-Month,61.17,419.92,7.0,2,Yes
1156,Two Year,61.23,1702.73,28.0,2,No
1157,Two Year,96.38,4911.55,,4,No
1158,Month-to-Month,70.7,4096.57,58.0,0,Yes
1159,Month-to-Month,50.21,246.0,5.0,0,Yes
1160,Two Year,70.72,366.34,5.0,1,No
1161,Two Year,42.68,361.56,8.0,4,No
1162,Two Year,45.87,2921.99,64.0,3,Yes
1163,One Year,74.85,741.61,10.0,4,No
1164,One Year,67.7, ,38.0,1,No
1165,One Year,112.34,894.83,8.0,4,No
1166,Month-to-Month,62.62,1569.49,25.0,4,No
1167,One Year,82.25,5437.66,66.0,1,No
1168,Month-to-Month,86.9,4352.49,50.0,0,No
1169,Month-to-Month,31.18,2095.16,67.0,3,No
1170,One Year,89.72,,49.0,1,No
1171,One Year,46.02,1640.83,36.0,2,Yes
1172,One Year,116.5,7936.8,68.0,0,Yes
1173,Two Year,43.38,1774.45,41.0,2,Yes
1174,One Year,67.32,4181.69,62.0,0,No
1175,Two Year,37.68,366.5,10.0,3,No
1176,Month-to-Month,119.72,2505.04,21.0,3,No
1177,Two Year,75.2,2713.82,36.0,4,No
1178,One Year,83.58,983.67,12.0,2,No
1179,Month-to-Month,36.04,,2.0,0,Yes
1180,Month-to-Month,97.5,1280.1,13.0,3,No
1181,Month-to-Month,48.89,2592.95,53.0,1,No
1182,Two Year,110.82,3547.66,32.0,3,No
1183,One Year,48.46,767.02,16.0,1,No
1184,Month-to-Month,47.16,1515.86,32.0,0,No
1185,Month-to-Month,33.29,1068.76,32.0,3,No
1186,Month-to-Month,72.49,788.17,11.0,3,No
1187,Two Year,80.84,804.49,10.0,0,No
1188,Two Year,35.91,537.06,15.0,3,No
1189,One Year,99.8,1692.67,17.0,1,Yes
1190,Two Year,70.8,2818.37,40.0,3,No
1191,Month-to-Month,77.2,1396.59,18.0,2,Yes
1192,One Year,69.67,3829.41,55.0,4,No
1193,Month-to-Month,66.07,1651.9,25.0,1,Yes
1194,Month-to-Month,80.37,4736.05,59.0,2,No
1195,Two Year,43.97,972.09,22.0,0,No
1196,One Year,46.37,1393.09,30.0,1,No
1197,Two Year,107.56, ,44.0,4,Yes
1198,Two Year,115.15,3689.61,32.0,4,Yes
1199,One Year,63.6,3241.57,51.0,0,Yes
1200,Month-to-Month,54.37,2493.62,46.0,0,Yes
1201,Month-to-Month,87.96,1855.82,21.0,1,Yes
1202,One Year,66.79,2134.45,32.0,3,No
1203,Month-to-Month,32.28,1257.2,39.0,0,Yes
1204,One Year,44.05,526.88,12.0,3,Yes
1205,One Year,94.44,4434.66,47.0,2,No
1206,Two Year,89.3,1605.85,18.0,4,No
1207,One Year,32.44,700.5,21.0,3,No
1208,Two Year,49.98,639.26,13.0,4,No
1209,Month-to-Month,50.8,1058.65,21.0,3,No
1210,Month-to-Month,90.47,737.6,8.0,2,Yes
1211,Month-to-Month,31.77,1457.67,46.0,0,No
1212,Month-to-Month,39.37,271.08,7.0,2,No
1213,Two Year,101.99,2356.12,23.0,0,Yes
1214,Month-to-Month,46.07,999.34,22.0,0,No
1215,One Year,88.75,1960.71,22.0,4,No
1216,One Year,51.44,1492.22,29.0,2,Yes
1217,One Year,38.95,511.0,13.0,3,No
1218,Two Year,51.89,108.24,2.0,2,No
1219,Month-to-Month,95.0,2748.72,29.0,4,No
1220,Month-to-Month,107.01,5575.03,52.0,0,Yes
1221,Month-to-Month,104.72,2821.94,27.0,4,No
1222,Two Year,65.75,3291.59,50.0,1,No
1223,One Year,90.13,2085.37,23.0,1,No
1224,One Year,48.45,2145.59,44.0,3,No
1225,Month-to-Month,56.38,1237.69,22.0,4,Yes
1226,One Year,110.67,4763.44,43.0,3,Yes
1227,One Year,31.17,1149.7,37.0,3,No
1228,Two Year,37.7,2324.74,61.0,1,No
1229,Two Year,48.71,2735.56,56.0,3,No
1230,Two Year,32.39,98.01,3.0,1,No
1231,Two Year,46.33,2921.92,63.0,0,No
1232,Month-to-Month,82.47,1571.0,19.0,4,No
1233,Two Year,67.93,1566.76,23.0,3,No
1234,One Year,110.34,3197.46,29.0,1,Yes
1235,Month-to-Month,103.57,3103.16,30.0,2,No
1236,One Year,60.76,2368.12,39.0,3,No
1237,One Year,53.35,1322.35,,0,No
1238,One Year,64.17,520.54,8.0,0,No
1239,Two Year,83.13,4813.52,58.0,2,Yes
1240,Two Year,54.13,,16.0,1,Yes
1241,Month-to-Month,86.17,86.03,1.0,3,Yes
1242,Month-to-Month,66.85,332.95,5.0,1,No
1243,Two Year,79.68,241.54,,0,No
1244,One Year,69.25,4495.57,65.0,1,No
1245,Month-to-Month,56.5,222.07,4.0,0,Yes
1246,Two Year,115.36,7389.96,64.0,1,No
1247,Two Year,98.72,993.51,10.0,2,No
1248,Two Year,42.61,900.71,21.0,4,No
1249,One Year,108.16,4975.7,46.0,2,No
1250,Two Year,73.87,1996.18,27.0,2,No
1251,Two Year,110.51,7295.96,,4,No
1252,Two Year,101.99, ,41.0,4,Yes
1253,Two Year,68.27,902.25,13.0,3,No
1254,Month-to-Month,32.02,301.5,9.0,3,Yes
1255,Month-to-Month,54.18,1958.42,36.0,2,No
1256,Two Year,78.75,4563.24,58.0,2,No
1257,One Year,87.01,4703.93,54.0,0,No
1258,Month-to-Month,53.21,648.3,12.0,0,No
1259,Two Year,42.54,583.33,14.0,3,No
1260,Month-to-Month,105.14,3591.71,34.0,3,No
1261,Month-to-Month,118.6,6268.41,53.0,0,No
1262,One Year,77.31,1553.25,20.0,0,No
1263,Two Year,45.45,741.73,16.0,1,No
1264,Two Year,54.51,3814.57,70.0,1,No
1265,One Year,31.66,1771.46,56.0,0,No
1266,One Year,112.29,6519.5,58.0,1,No
1267,Two Year,40.6,180.92,4.0,4,No
1268,Two Year,81.89,324.75,4.0,3,No
1269,One Year,54.66,1085.39,20.0,3,No
1270,Month-to-Month,79.88,794.56,10.0,0,Yes
1271,Month-to-Month,88.63,2111.59,24.0,2,No
1272,One Year,104.68,2730.66,26.0,0,Yes
1273,Month-to-Month,48.58,1792.32,37.0,1,No
1274,One Year,30.99,1671.38,54.0,2,No
1275,Month-to-Month,42.32,897.82,21.0,1,No
1276,Month-to-Month,111.0,4214.23,38.0,4,No
1277,Two Year,108.65,5005.49,46.0,1,No
1278,Two Year,83.77,324.7,4.0,4,No
1279,Month-to-Month,84.05,5052.59,60.0,4,No
1280,Month-to-Month,89.85,5124.87,57.0,1,No
1281,Two Year,45.78,2059.21,45.0,1,No
1282,Two Year,112.3,2247.31,20.0,4,Yes
1283,Two Year,67.69,1137.86,17.0,2,No
1284,One Year,64.48,4579.16,71.0,4,No
1285,Month-to-Month,76.7,305.38,4.0,3,No
1286,Two Year,34.23,466.63,14.0,4,No
1287,Month-to-Month,44.97,128.2,3.0,2,No
1288,One Year,96.42,5591.07,58.0,3,No
1289,One Year,37.45,2053.68,55.0,0,No
1290,Two Year,84.28,313.0,4.0,0,Yes
1291,One Year,52.08,1260.68,24.0,2,Yes
1292,Month-to-Month,65.04,2209.94,34.0,4,No
1293,Two Year,55.98,1656.66,30.0,1,No
1294,Month-to-Month,62.01,1199.54,19.0,2,No
1295,Month-to-Month,94.71,,31.0,3,No
1296,One Year,56.74,3400.91,60.0,3,No
1297,One Year,80.98,4850.38,60.0,0,No
1298,One Year,72.84,1387.99,19.0,3,Yes
1299,One Year,89.73,4398.79,49.0,2,No
1300,One Year,114.31,7206.95,63.0,3,Yes
1301,Two Year,95.93,2102.06,22.0,2,No
1302,Month-to-Month,49.34,1195.14,24.0,1,No
1303,Month-to-Month,32.81,979.57,30.0,0,Yes
1304,Month-to-Month,53.6,3115.61,58.0,3,No
1305,Month-to-Month,83.56,2582.39,31.0,2,Yes
1306,One Year,34.63,2242.8,64.0,4,No
1307,Month-to-Month,74.67,1425.69,19.0,0,No
1308,Two Year,83.72, ,48.0,1,No
1309,Two Year,60.08,2711.88,45.0,2,No
1310,Month-to-Month,99.38,5460.29,55.0,1,No
1311,Month-to-Month,39.59,2185.74,55.0,1,No
1312,Two Year,36.76,670.69,18.0,3,Yes
1313,Two Year,95.54,6022.75,63.0,3,No
1314,One Year,74.59,3512.03,47.0,2,No
1315,Two Year,91.96,5249.34,57.0,4,No
1316,One Year,69.13,3100.91,45.0,2,No
1317,One Year,52.18,1711.29,33.0,4,No
1318,One Year,103.72,1755.3,17.0,1,No
1319,One Year,101.95,7137.78,70.0,0,No
1320,One Year,92.52,367.85,4.0,2,No
1321,Month-to-Month,54.49,1080.04,20.0,2,No
1322,Two Year,83.12,3914.39,47.0,4,No
1323,One Year,62.49,940.18,15.0,1,No
1324,Two Year,38.24,2678.49,70.0,1,No
1325,Two Year,112.56,5287.74,47.0,4,Yes
1326,One Year,42.31,377.01,9.0,1,No
1327,Month-to-Month,115.52,1839.91,16.0,3,Yes
1328,One Year,70.14,4849.0,69.0,0,No
1329,Month-to-Month,46.66,2839.23,61.0,2,No
1330,Two Year,78.77,789.79,10.0,0,No
1331,Month-to-Month,108.57,5445.12,50.0,2,Yes
1332,Month-to-Month,95.9,284.38,3.0,3,No
1333,Month-to-Month,102.59,7190.91,70.0,1,No
1334,Two Year,89.29,4559.48,51.0,4,No
1335,Two Year,92.3,1756.81,19.0,3,No
1336,Month-to-Month,106.43,4474.36,42.0,0,No
1337,Month-to-Month,52.47,1835.5,35.0,4,No
1338,One Year,74.05,3406.65,46.0,1,No
1339,Month-to-Month,49.91,1292.18,26.0,3,Yes
1340,One Year,118.89,8203.82,69.0,4,No
1341,Month-to-Month,114.97,7352.23,64.0,3,No
1342,One Year,33.55,1251.41,37.0,3,No
1343,Two Year,93.5,4564.51,49.0,1,No
1344,Month-to-Month,113.27,,21.0,2,Yes
1345,Month-to-Month,46.25,2963.37,64.0,4,No
1346,Month-to-Month,81.12,408.06,5.0,1,No
1347,Month-to-Month,112.39,7877.54,70.0,3,No
1348,One Year,33.06,129.38,4.0,1,Yes
1349,Month-to-Month,92.77,3620.58,39.0,2,Yes
1350,Two Year,56.76,1969.43,35.0,4,No
1351,Two Year,113.2,109.05,1.0,2,No
1352,Month-to-Month,117.4,2826.16,24.0,0,Yes
1353,Two Year,114.98,6540.47,57.0,4,No
1354,Month-to-Month,72.68,5089.2,70.0,2,No
1355,Month-to-Month,107.58,,41.0,3,No
1356,Two Year,106.01,5723.43,54.0,4,No
1357,Month-to-Month,58.72,2694.94,46.0,4,No
1358,Two Year,104.6,6263.53,60.0,1,No
1359,One Year,33.33,2003.66,60.0,3,No
1360,Month-to-Month,83.66,4768.12,57.0,0,No
1361,One Year,50.7,1577.83,31.0,2,Yes
1362,Two Year,40.85,988.34,24.0,1,No
1363,One Year,36.93,1341.73,36.0,2,No
1364,One Year,92.67,2781.43,30.0,0,No
1365,Two Year,60.59,1466.85,24.0,0,No
1366,One Year,95.23,2847.14,30.0,4,No
1367,One Year,35.88,260.25,7.0,0,Yes
1368,Two Year,58.38,2047.89,35.0,2,No
1369,One Year,78.55,4322.58,55.0,3,No
1370,Two Year,101.17,1420.83,14.0,3,No
1371,One Year,58.69,577.29,10.0,4,Yes
1372,Two Year,86.33,1369.31,16.0,2,No
1373,Two Year,109.74,5943.06,54.0,2,No
1374,One Year,85.43,5978.41,70.0,0,No
1375,One Year,50.97,2240.85,44.0,2,No
1376,One Year,32.2,1437.98,45.0,1,No
1377,Month-to-Month,108.31,6050.54,56.0,0,No
1378,Month-to-Month,31.91,1817.99,57.0,1,No
1379,Month-to-Month,108.72,2279.7,21.0,4,No
1380,Two Year,77.6,5276.82,68.0,3,No
1381,One Year,114.52,5726.87,50.0,4,No
1382,Two Year,101.89,3387.26,33.0,3,No
1383,Month-to-Month,119.81,835.28,7.0,4,No
1384,One Year,61.56,4325.0,70.0,2,No
1385,Two Year,99.05, ,15.0,1,No
1386,One Year,66.17,2124.98,32.0,3,Yes
1387,Two Year,73.19,1461.45,20.0,0,No
1388,One Year,86.48,1283.59,15.0,1,No
1389,Month-to-Month,108.63,5219.02,48.0,0,Yes
1390,Month-to-Month,118.57,8428.66,71.0,1,No
1391,One Year,99.14,2099.42,21.0,1,No
1392,Two Year,67.6,2829.7,42.0,4,No
1393,Month-to-Month,67.92,1763.48,26.0,3,No
1394,Month-to-Month,96.38,1339.88,14.0,3,No
1395,Month-to-Month,51.49,2928.6,57.0,1,Yes
1396,One Year,39.94,1484.42,37.0,2,Yes
1397,One Year,61.92,3584.57,58.0,2,Yes
1398,Two Year,55.85,1164.61,21.0,0,No
1399,Two Year,56.67,3918.2,69.0,0,No
1400,Two Year,51.02,157.57,3.0,4,No
1401,One Year,33.79,1253.73,37.0,1,No
1402,One Year,31.61,1542.36,49.0,0,No
1403,Two Year,118.9,2272.03,19.0,0,Yes
1404,Two Year,68.5,822.14,12.0,1,Yes
1405,One Year,64.59,3963.79,61.0,4,Yes
1406,Two Year,91.17,3739.58,41.0,0,No
1407,Month-to-Month,49.64,1614.79,33.0,4,No
1408,One Year,115.5,5751.22,50.0,3,No
1409,Two Year,100.77,6858.6,68.0,4,Yes
1410,One Year,38.05,2714.55,71.0,2,No
1411,Month-to-Month,67.58,2222.3,33.0,2,Yes
1412,One Year,109.12,2639.89,24.0,4,No
1413,One Year,115.03,7033.46,61.0,2,No
1414,One Year,72.07,4398.38,61.0,3,No
1415,One Year,85.21,2391.27,28.0,1,No
1416,Month-to-Month,45.03,2620.69,58.0,2,Yes
1417,One Year,119.21,5144.93,43.0,2,No
1418,One Year,50.85,2091.67,41.0,4,No
1419,Two Year,114.85,4481.03,39.0,3,No
1420,One Year,88.47,4341.75,49.0,1,No
1421,Two Year,84.7,1445.27,17.0,4,No
1422,Month-to-Month,76.14,5339.04,70.0,4,No
1423,Month-to-Month,50.76,3537.5,70.0,3,Yes
1424,Month-to-Month,45.89,2986.01,65.0,1,No
1425,Month-to-Month,49.84,253.8,5.0,3,No
1426,Two Year,46.78,92.83,2.0,1,No
1427,One Year,100.16,2211.36,22.0,3,No
1428,Month-to-Month,61.51,3525.28,57.0,4,No
1429,One Year,35.21,2325.24,66.0,4,No
1430,Two Year,117.22,1882.44,16.0,0,Yes
1431,Two Year,109.54,5602.6,51.0,2,No
1432,Two Year,113.5,4428.12,39.0,3,Yes
1433,Month-to-Month,119.54,4772.72,40.0,0,No
1434,One Year,45.65,1740.86,38.0,2,No
1435,One Year,65.66,3917.58,60.0,3,Yes
1436,One Year,98.24,5773.18,59.0,1,No
1437,Two Year,92.64,929.73,10.0,2,No
1438,Month-to-Month,43.85,2782.95,64.0,4,No
1439,Two Year,103.42,6502.31,63.0,0,No
1440,Two Year,50.2,2456.0,49.0,2,No
1441,One Year,50.14,3201.75,64.0,2,Yes
1442,Two Year,78.33,2505.08,32.0,4,Yes
1443,One Year,83.36,594.65,7.0,3,Yes
1444,Month-to-Month,82.21, ,21.0,1,No
1445,One Year,38.23,756.21,20.0,4,Yes
1446,Month-to-Month,108.97,2846.76,26.0,1,No
1447,One Year,53.9,3650.91,68.0,3,No
1448,Two Year,41.66,627.12,15.0,2,No
1449,Two Year,109.99,1524.46,14.0,1,No
1450,Month-to-Month,116.01,3134.79,27.0,0,No
1451,Month-to-Month,107.59,4300.41,,0,No
1452,Month-to-Month,102.86,5976.7,58.0,4,Yes
1453,One Year,88.97,,28.0,3,Yes
1454,One Year,79.58,2063.21,26.0,4,No
1455,Month-to-Month,37.83,2375.5,63.0,4,Yes
1456,Two Year,66.76,4403.01,66.0,4,Yes
1457,One Year,63.54,1607.26,25.0,0,No
1458,One Year,53.38,176.33,3.0,0,Yes
1459,One Year,95.11,4175.16,44.0,4,No
1460,Month-to-Month,74.63,3142.46,42.0,0,Yes
1461,Month-to-Month,37.29,206.43,6.0,3,No
1462,Month-to-Month,49.82,1938.51,39.0,4,No
1463,Month-to-Month,91.49,4748.2,52.0,0,No
1464,Month-to-Month,36.85,858.24,23.0,1,No
1465,Two Year,106.61,5317.59,50.0,4,No
1466,Two Year,74.56,3210.37,43.0,4,Yes
1467,Month-to-Month,73.25,1391.76,19.0,3,No
1468,One Year,83.32,5747.33,69.0,2,No
1469,Month-to-Month,104.22,5331.94,51.0,2,No
1470,Two Year,61.3,691.9,11.0,3,No
1471,Two Year,91.02,1090.8,12.0,3,Yes
1472,One Year,80.92,643.9,8.0,3,No
1473,Two Year,54.03,1281.65,24.0,2,No
1474,Month-to-Month,109.08,4472.24,41.0,3,Yes
1475,One Year,101.77,3683.25,36.0,0,No
1476,Month-to-Month,89.26,4908.01,55.0,4,Yes
1477,Month-to-Month,106.55,966.24,9.0,4,Yes
1478,One Year,108.06,5064.85,47.0,1,Yes
1479,Month-to-Month,93.75,1401.9,15.0,1,Yes
1480,Two Year,105.33,5060.46,48.0,4,No
1481,Month-to-Month,92.77, ,42.0,0,Yes
1482,One Year,91.21,5480.85,60.0,2,No
1483,One Year,85.68,5991.57,70.0,2,No
1484,One Year,97.74,1155.38,12.0,0,Yes
1485,Month-to-Month,44.27,99.76,2.0,2,No
1486,One Year,109.28,755.6,7.0,3,No
1487,One Year,108.47,330.48,3.0,4,No
1488,Month-to-Month,32.63,102.4,3.0,4,Yes
1489,Two Year,104.32,2800.0,27.0,0,No
1490,Month-to-Month,41.6,1674.49,40.0,2,No
1491,One Year,60.16,1979.61,33.0,1,Yes
1492,One Year,96.92,97.47,1.0,1,Yes
1493,Month-to-Month,44.47, ,8.0,2,No
1494,Two Year,103.62,3332.07,32.0,1,Yes
1495,One Year,104.89,5048.15,48.0,0,No
1496,One Year,75.67,284.56,4.0,0,No
1497,One Year,30.57,2162.49,70.0,2,No
1498,Month-to-Month,55.83,1053.99,19.0,1,No
1499,One Year,85.52,2757.66,32.0,0,Yes
1500,Two Year,118.31,1062.23,9.0,0,Yes
1501,One Year,86.86,1038.91,12.0,3,No
1502,One Year,53.38,584.71,11.0,3,No
1503,Two Year,87.06,4000.75,46.0,0,No
1504,One Year,78.6,1282.84,16.0,2,No
1505,Month-to-Month,100.19,99.43,1.0,4,Yes
1506,Month-to-Month,39.63,2493.67,63.0,4,Yes
1507,Month-to-Month,98.49, ,21.0,0,No
1508,Two Year,78.71,2351.63,30.0,0,Yes
1509,One Year,116.67,1532.68,13.0,0,No
1510,Month-to-Month,60.77,2051.47,34.0,2,No
1511,Two Year,86.94,341.62,4.0,3,No
1512,One Year,113.88,3198.01,28.0,0,No
1513,Two Year,39.23,2314.99,59.0,0,Yes
1514,Month-to-Month,114.35,3092.94,27.0,1,No
1515,Month-to-Month,91.91,6357.12,69.0,2,No
1516,Month-to-Month,36.11,912.79,25.0,0,No
1517,Two Year,57.09,172.64,3.0,1,No
1518,Two Year,93.74,6395.21,68.0,4,No
1519,Month-to-Month,36.06,895.22,25.0,0,Yes
1520,Two Year,82.4,1647.0,20.0,0,Yes
1521,Month-to-Month,61.13,2078.12,34.0,1,No
1522,Month-to-Month,85.88,2231.86,26.0,2,No
1523,One Year,34.12,159.91,5.0,0,Yes
1524,Two Year,108.44,6599.0,61.0,4,No
1525,Month-to-Month,117.61,1062.66,9.0,0,No
1526,Month-to-Month,117.2,5853.67,50.0,4,Yes
1527,Two Year,97.47,603.9,6.0,3,No
1528,One Year,41.71,2501.87,60.0,3,No
1529,One Year,98.24,4320.05,44.0,4,Yes
1530,Month-to-Month,32.21,365.25,11.0,2,No
1531,Two Year,31.99, ,66.0,0,No
1532,One Year,59.12,2776.88,47.0,0,No
1533,Two Year,73.98,215.53,3.0,3,No
1534,Two Year,99.34,3016.78,30.0,4,No
1535,Month-to-Month,91.5,1925.12,21.0,0,No
1536,One Year,70.13,1974.48,28.0,0,No
1537,Month-to-Month,54.63,3376.83,62.0,2,No
1538,One Year,119.74,3945.64,33.0,1,No
1539,One Year,68.36,,35.0,3,Yes
1540,One Year,70.62,3686.21,52.0,3,No
1541,One Year,44.73,1525.4,34.0,1,No
1542,One Year,101.53,4158.91,41.0,0,Yes
1543,Two Year,92.43,4711.59,51.0,2,No
1544,Month-to-Month,49.87,2337.13,47.0,2,Yes
1545,Two Year,37.41,2158.21,58.0,3,Yes
1546,One Year,91.24,5209.92,57.0,2,No
1547,Month-to-Month,88.91,2050.32,23.0,1,No
1548,One Year,54.59,2627.68,48.0,0,Yes
1549,Month-to-Month,115.58,2539.39,22.0,1,No
1550,Two Year,43.6,743.76,17.0,4,No
1551,Month-to-Month,68.91,4750.47,69.0,3,No
1552,Month-to-Month,114.93,1256.96,11.0,2,No
1553,Month-to-Month,67.78,1033.37,15.0,4,No
1554,Month-to-Month,87.47,3062.67,35.0,2,Yes
1555,Month-to-Month,65.78,2175.81,33.0,0,No
1556,One Year,54.68,883.24,16.0,0,No
1557,Month-to-Month,118.56,4032.38,34.0,0,No
1558,Month-to-Month,66.84,4413.85,66.0,2,No
1559,Two Year,110.47,4407.93,40.0,4,Yes
1560,Month-to-Month,50.7,1410.64,28.0,0,No
1561,Two Year,49.18,2301.98,47.0,4,Yes
1562,One Year,32.8,1285.25,39.0,2,No
1563,Month-to-Month,88.65,6206.21,70.0,4,No
1564,Two Year,63.17,1254.44,20.0,2,No
1565,Two Year,107.79,113.59,1.0,2,No
1566,One Year,72.59,4578.6,63.0,3,No
1567,Month-to-Month,117.14,7841.43,67.0,2,Yes
1568,Month-to-Month,46.7,186.52,4.0,2,No
1569,Two Year,108.18,6279.91,58.0,1,Yes
1570,Month-to-Month,99.89,2488.67,25.0,0,Yes
1571,Two Year,99.38,4676.52,47.0,3,No
1572,Month-to-Month,106.03,,38.0,3,No
1573,Two Year,98.49,1467.36,15.0,3,No
1574,Month-to-Month,86.36,5442.88,63.0,1,Yes
1575,One Year,41.81,881.67,21.0,2,No
1576,Month-to-Month,32.93,1870.75,57.0,0,No
1577,Month-to-Month,112.88,5977.17,53.0,4,No
1578,One Year,85.5,3922.92,46.0,2,Yes
1579,Month-to-Month,101.69,1419.17,14.0,1,No
1580,One Year,73.34,1246.66,17.0,2,No
1581,Month-to-Month,40.56,1576.39,39.0,2,No
1582,Two Year,41.27,356.58,9.0,1,No
1583,Two Year,91.7,543.31,6.0,3,No
1584,Month-to-Month,68.73,1576.62,23.0,3,No
1585,Month-to-Month,48.05,2843.12,59.0,0,Yes
1586,Month-to-Month,74.24,3420.99,46.0,0,Yes
1587,Two Year,35.78,1368.0,38.0,3,No
1588,Month-to-Month,82.38,1145.93,14.0,4,No
1589,Two Year,54.21,3362.44,62.0,2,No
1590,One Year,101.78,3538.07,35.0,4,Yes
1591,Two Year,57.93,1104.96,19.0,2,No
1592,Two Year,70.97,2135.21,30.0,3,No
1593,One Year,31.05,772.73,25.0,0,No
1594,Two Year,36.52,1463.75,40.0,0,No
1595,Month-to-Month,65.32,899.33,14.0,4,No
1596,Month-to-Month,73.19,1894.93,26.0,0,Yes
1597,Two Year,84.0,1855.65,22.0,3,No
1598,Month-to-Month,56.25,2705.11,48.0,4,No
1599,Two Year,92.55,4715.93,51.0,2,No
1600,Month-to-Month,107.41,,3.0,0,Yes
1601,Month-to-Month,100.19,4209.36,42.0,1,Yes
1602,Two Year,33.57,632.79,19.0,0,No
1603,Month-to-Month,73.25,2049.17,28.0,2,No
1604,Two Year,39.44,1770.25,45.0,4,No
1605,Month-to-Month,51.78,3664.54,71.0,2,No
1606,Month-to-Month,118.8,7496.97,63.0,1,No
1607,One Year,42.82,807.9,19.0,3,Yes
1608,One Year,74.9,3511.98,47.0,0,No
1609,Two Year,85.63,1183.53,14.0,4,No
1610,One Year,93.22,3516.0,38.0,3,No
1611,Two Year,80.37,4266.62,53.0,2,No
1612,One Year,30.88,1891.62,61.0,4,No
1613,Month-to-Month,59.38,2149.61,36.0,3,No
1614,Two Year,76.59,3062.11,40.0,4,No
1615,Two Year,37.91,1134.08,30.0,1,Yes
1616,Month-to-Month,61.56,548.96,9.0,1,Yes
1617,Two Year,32.99,2107.19,64.0,0,No
1618,Two Year,37.07,1234.51,33.0,0,Yes
1619,One Year,65.72,3417.17,52.0,1,Yes
1620,Two Year,41.94,590.94,14.0,4,No
1621,Month-to-Month,81.08,4292.82,53.0,1,No
1622,One Year,92.05,5444.16,59.0,0,No
1623,One Year,102.05,4165.0,41.0,1,No
1624,Month-to-Month,48.01,3252.47,68.0,1,No
1625,Month-to-Month,45.07,3068.56,68.0,4,No
1626,One Year,39.41,332.79,8.0,3,Yes
1627,Two Year,87.28,172.31,2.0,0,No
1628,One Year,93.58,3828.36,41.0,4,Yes
1629,Month-to-Month,32.84,1816.21,55.0,1,No
1630,One Year,114.26,1831.4,16.0,1,Yes
1631,Month-to-Month,34.68,2163.06,,3,No
1632,One Year,78.72,3765.66,48.0,0,No
1633,Two Year,93.82,2826.72,30.0,0,No
1634,One Year,108.39,1285.2,12.0,2,No
1635,One Year,94.27,3296.57,35.0,0,No
1636,Month-to-Month,102.16,1127.89,11.0,3,Yes
1637,Month-to-Month,60.55,3877.06,64.0,2,No
1638,Month-to-Month,103.33,5177.11,50.0,2,No
1639,One Year,37.21,763.14,21.0,1,No
1640,Two Year,110.53,7627.98,69.0,1,Yes
1641,Month-to-Month,79.28,3817.44,48.0,0,Yes
1642,Month-to-Month,103.56,2071.79,20.0,2,No
1643,One Year,70.71,4726.15,67.0,1,No
1644,Month-to-Month,87.92,3878.56,44.0,3,No
1645,Two Year,77.38,2547.06,33.0,1,Yes
1646,Two Year,95.84,5838.0,61.0,1,No
1647,Month-to-Month,37.35,326.65,9.0,2,Yes
1648,Month-to-Month,35.43,2407.25,68.0,2,Yes
1649,One Year,52.24,1830.23,35.0,4,No
1650,Two Year,44.36,2870.71,65.0,3,Yes
1651,Two Year,108.46,857.04,8.0,2,Yes
1652,Month-to-Month,49.73,2230.91,45.0,0,No
1653,One Year,117.83, ,47.0,3,Yes
1654,Two Year,60.32,2413.17,40.0,3,Yes
1655,Two Year,46.39,2508.67,54.0,2,Yes
1656,One Year,101.07,4651.46,46.0,3,Yes
1657,One Year,89.28,4198.41,47.0,2,Yes
1658,Two Year,74.84,1139.31,15.0,1,No
1659,Two Year,79.98,1523.86,19.0,4,No
1660,One Year,94.73,2470.82,26.0,1,No
1661,Two Year,50.56, ,52.0,2,No
1662,Month-to-Month,119.67,2642.18,22.0,2,No
1663,Month-to-Month,117.73,2467.71,21.0,1,No
1664,One Year,88.53,4519.14,51.0,0,No
1665,One Year,47.96,1808.77,38.0,0,No
1666,One Year,91.22,1826.06,20.0,0,No
1667,Month-to-Month,36.5,1048.75,29.0,2,No
1668,Two Year,32.76,1680.12,51.0,3,No
1669,Month-to-Month,53.19,221.52,,2,Yes
1670,Two Year,71.64,3935.53,,3,Yes
1671,Month-to-Month,108.14,7698.44,71.0,1,No
1672,Two Year,95.45,2669.74,28.0,4,No
1673,Month-to-Month,96.84,371.24,4.0,3,No
1674,One Year,68.29,1494.59,22.0,0,No
1675,Month-to-Month,61.13,2740.41,45.0,2,No
1676,Two Year,63.39,4250.93,67.0,1,No
1677,Month-to-Month,118.89,7834.39,66.0,0,Yes
1678,Month-to-Month,33.61,1137.35,34.0,1,Yes
1679,Month-to-Month,108.03,5944.8,55.0,4,No
1680,One Year,82.08,83.47,1.0,2,No
1681,Month-to-Month,69.48,2640.11,38.0,2,No
1682,One Year,95.27,572.88,6.0,4,No
1683,One Year,73.8,1841.29,25.0,2,Yes
1684,Month-to-Month,108.61,1830.33,17.0,3,No
1685,Month-to-Month,111.06,6770.69,61.0,1,No
1686,Month-to-Month,67.95,820.09,12.0,0,No
1687,Two Year,54.91,328.09,6.0,4,No
1688,Month-to-Month,83.31,2253.28,27.0,3,Yes
1689,One Year,112.11,891.01,8.0,0,Yes
1690,Month-to-Month,48.96,3192.34,65.0,0,No
1691,Two Year,86.07,4880.43,57.0,4,No
1692,Month-to-Month,86.84,3475.01,40.0,3,No
1693,Two Year,95.98, ,14.0,0,Yes
1694,Two Year,41.84,1479.38,35.0,0,No
1695,Month-to-Month,94.42,4529.84,48.0,3,Yes
1696,One Year,111.81,6248.1,56.0,2,Yes
1697,Two Year,46.17,2275.99,49.0,0,No
1698,Month-to-Month,51.38,667.42,13.0,1,No
1699,Month-to-Month,117.43,7161.64,61.0,3,Yes
1700,One Year,46.29,2259.28,49.0,0,Yes
1701,Two Year,106.89,4904.44,46.0,4,No
1702,Two Year,74.31,4612.86,62.0,1,Yes
1703,Month-to-Month,52.25,424.7,8.0,0,No
1704,Month-to-Month,108.37, ,43.0,1,No
1705,One Year,70.08,1393.96,20.0,1,Yes
1706,One Year,76.33,2966.22,39.0,2,Yes
1707,Two Year,62.33,3039.85,49.0,1,No
1708,Two Year,83.37,5330.07,64.0,2,No
1709,Month-to-Month,44.72,2762.58,62.0,3,No
1710,Two Year,65.2,3503.71,54.0,2,No
1711,One Year,117.25,1061.76,9.0,4,No
1712,One Year,53.23,1956.32,37.0,0,No
1713,Month-to-Month,89.11,4376.23,49.0,3,No
1714,One Year,59.27,2434.01,41.0,3,No
1715,One Year,99.61,1696.31,17.0,4,No
1716,One Year,41.78,894.03,21.0,2,No
1717,One Year,117.28,5968.42,51.0,0,No
1718,Month-to-Month,70.84,4188.3,59.0,2,No
1719,Month-to-Month,51.24,1995.38,39.0,1,Yes
1720,Two Year,36.61,2039.26,55.0,2,No
1721,One Year,45.28,1852.67,41.0,3,No
1722,Two Year,76.78,2989.0,39.0,0,Yes
1723,Month-to-Month,60.33,788.55,13.0,2,Yes
1724,Month-to-Month,104.6,6692.31,64.0,0,No
1725,Month-to-Month,68.78,,11.0,0,No
1726,Month-to-Month,52.38,985.52,19.0,1,Yes
1727,Month-to-Month,85.54,955.52,11.0,1,No
1728,Month-to-Month,93.61,4294.43,46.0,3,No
1729,Month-to-Month,45.03,2028.58,45.0,4,Yes
1730,One Year,45.09,55.65,1.0,0,No
1731,Two Year,33.3, ,40.0,4,No
1732,Month-to-Month,96.28,1823.3,19.0,3,No
1733,One Year,89.74,5472.08,61.0,0,No
1734,One Year,72.72,868.64,12.0,0,No
1735,Two Year,105.98,6449.43,61.0,4,Yes
1736,Month-to-Month,102.51,3388.21,33.0,2,No
1737,Two Year,82.68,3720.99,45.0,1,Yes
1738,Month-to-Month,108.14,7476.07,69.0,2,No
1739,One Year,48.53,380.01,8.0,4,Yes
1740,One Year,40.07,1012.64,25.0,1,Yes
1741,One Year,54.28,2508.47,46.0,2,No
1742,One Year,35.14,1054.67,30.0,1,No
1743,Two Year,77.81,3635.36,,0,No
1744,Month-to-Month,114.29,5595.08,49.0,2,Yes
1745,Month-to-Month,33.54,1594.24,47.0,1,Yes
1746,Two Year,40.99,740.79,18.0,1,No
1747,Month-to-Month,70.7,4673.13,66.0,1,Yes
1748,One Year,114.05,7754.51,68.0,2,Yes
1749,Month-to-Month,58.45,1926.62,33.0,3,No
1750,One Year,75.65,2704.73,36.0,2,No
1751,Two Year,33.74,649.01,19.0,4,No
1752,Month-to-Month,43.35,1224.6,28.0,2,No
1753,Two Year,118.8,4742.49,40.0,1,No
1754,Month-to-Month,116.86,1751.11,15.0,0,Yes
1755,One Year,30.44,1244.9,41.0,2,No
1756,Two Year,115.66,4514.94,39.0,2,Yes
1757,Month-to-Month,87.52,169.6,2.0,1,Yes
1758,One Year,108.11,,63.0,0,No
1759,Two Year,70.93,2057.68,29.0,0,Yes
1760,Two Year,76.4,5016.91,66.0,4,No
1761,Month-to-Month,74.0,3778.43,51.0,2,Yes
1762,Month-to-Month,90.02,,10.0,0,No
1763,Month-to-Month,42.57,584.46,14.0,0,No
1764,One Year,32.7,1671.79,51.0,3,Yes
1765,Month-to-Month,57.71,2268.99,39.0,3,Yes
1766,Two Year,93.42,2616.88,28.0,0,No
1767,Two Year,48.17,155.93,3.0,4,No
1768,Month-to-Month,90.61,6338.28,70.0,0,No
1769,Month-to-Month,117.29,3166.65,27.0,1,No
1770,Two Year,38.45,74.85,2.0,2,No
1771,One Year,90.53,3436.27,38.0,4,No
1772,Month-to-Month,69.94,208.34,3.0,1,No
1773,Month-to-Month,108.13,1713.77,16.0,4,No
1774,Two Year,45.94,1834.29,40.0,1,No
1775,Month-to-Month,92.34,198.06,2.0,2,No
1776,One Year,105.43,4312.99,41.0,2,No
1777,Two Year,115.02,1369.58,12.0,3,No
1778,Month-to-Month,91.49,3202.76,35.0,1,No
1779,Two Year,74.75,4859.86,65.0,3,Yes
1780,Month-to-Month,85.61,4712.32,55.0,1,Yes
1781,Month-to-Month,108.2,4867.86,45.0,3,No
1782,Month-to-Month,81.35,5044.42,62.0,2,No
1783,One Year,32.73,1600.26,49.0,4,No
1784,One Year,113.79,2831.99,25.0,3,Yes
1785,Two Year,92.06,2116.67,23.0,1,No
1786,Month-to-Month,90.89,2188.61,24.0,1,No
1787,Month-to-Month,49.41,1882.73,38.0,2,Yes
1788,One Year,89.3,2482.96,28.0,1,No
1789,Month-to-Month,65.45,1376.97,21.0,0,No
1790,One Year,88.61,4776.01,54.0,4,No
1791,Month-to-Month,39.59,726.54,18.0,3,No
1792,Two Year,89.21,,36.0,4,No
1793,Month-to-Month,119.95,5406.71,45.0,2,No
1794,Month-to-Month,34.34,1820.23,53.0,3,No
1795,One Year,117.95,3537.84,30.0,3,No
1796,Month-to-Month,66.62,4012.16,60.0,0,No
1797,Month-to-Month,108.37,3477.57,32.0,2,No
1798,One Year,100.41,6728.65,67.0,1,Yes
1799,Two Year,81.03,5427.01,67.0,0,No
1800,Two Year,96.46,2683.81,28.0,0,Yes
1801,One Year,109.07,4802.33,44.0,4,No
1802,One Year,66.37,2719.91,41.0,4,No
1803,One Year,59.43,3749.63,63.0,4,Yes
1804,One Year,90.08,2080.42,23.0,0,No
1805,One Year,102.71,4942.41,48.0,1,Yes
1806,Two Year,98.61,3158.89,,3,No
1807,Two Year,101.8, ,57.0,4,No
1808,One Year,69.2,2262.11,33.0,1,No
1809,Month-to-Month,103.61,2478.39,24.0,2,Yes
1810,One Year,40.82,1605.31,39.0,4,Yes
1811,Month-to-Month,79.0,2704.23,34.0,3,No
1812,One Year,30.52,1706.74,56.0,2,No
1813,One Year,59.21,1643.27,28.0,2,No
1814,Two Year,62.98,2323.78,37.0,3,No
1815,Month-to-Month,65.66,471.0,7.0,4,No
1816,Month-to-Month,92.59,6290.21,68.0,0,No
1817,Two Year,64.97,2409.78,37.0,3,No
1818,Two Year,70.38, ,56.0,3,No
1819,Two Year,51.38,3346.8,65.0,3,No
1820,Two Year,63.59,4151.53,65.0,2,No
1821,Month-to-Month,50.45, ,47.0,1,Yes
1822,Month-to-Month,36.59,733.27,20.0,0,No
1823,One Year,84.31,1621.17,19.0,4,No
1824,One Year,90.14,2617.56,29.0,4,Yes
1825,Two Year,85.75,5137.07,60.0,1,Yes
1826,Two Year,71.71,1297.65,18.0,3,No
1827,Two Year,64.18,2250.77,35.0,0,No
1828,One Year,107.7,4628.02,43.0,4,No
1829,One Year,76.72, ,11.0,4,No
1830,One Year,73.13,3580.39,49.0,3,No
1831,One Year,32.31,1222.46,38.0,1,No
1832,One Year,60.71,3882.78,64.0,0,No
1833,One Year,64.22,,69.0,1,No
1834,One Year,65.89,530.98,8.0,1,No
1835,Two Year,82.22,2798.59,34.0,0,Yes
1836,Two Year,78.02,3748.41,48.0,0,No
1837,Two Year,84.71,4743.14,56.0,4,No
1838,Two Year,98.84,6422.82,65.0,4,Yes
1839,One Year,103.17,3212.69,31.0,0,Yes
1840,Month-to-Month,94.63,379.19,4.0,2,No
1841,One Year,116.0,5812.64,50.0,4,No
1842,Month-to-Month,31.64,2173.2,69.0,2,No
1843,Two Year,47.62,1434.49,30.0,0,Yes
1844,One Year,30.68,1802.77,59.0,4,Yes
1845,Two Year,88.27,5908.53,67.0,1,No
1846,One Year,110.82,4982.78,45.0,0,No
1847,Two Year,51.91,202.89,4.0,3,No
1848,Month-to-Month,113.43,2944.48,26.0,2,No
1849,Month-to-Month,35.42,968.51,27.0,0,No
1850,Month-to-Month,114.1,5249.05,46.0,0,No
1851,One Year,61.65,3947.85,,4,No
1852,Month-to-Month,39.13,1991.06,51.0,4,No
1853,One Year,73.73,3695.07,50.0,4,No
1854,Month-to-Month,53.11,322.21,,3,No
1855,Month-to-Month,55.64,3279.67,59.0,4,No
1856,One Year,57.66,849.06,15.0,0,No
1857,One Year,102.27,3070.26,,4,Yes
1858,Month-to-Month,78.52,3303.6,42.0,1,No
1859,One Year,58.02,2136.95,,4,Yes
1860,Month-to-Month,84.93,3564.11,42.0,3,No
1861,One Year,94.45,3311.12,35.0,1,No
1862,Two Year,54.54,311.53,6.0,0,No
1863,Two Year,67.22,4564.47,68.0,0,Yes
1864,Two Year,40.97,741.23,18.0,2,No
1865,Two Year,46.3,1353.75,29.0,1,No
1866,Two Year,91.3,5408.56,59.0,2,No
1867,Month-to-Month,46.33,2197.1,47.0,1,No
1868,Two Year,77.26,1314.86,17.0,1,No
1869,Two Year,93.81,2058.98,22.0,3,No
1870,Two Year,39.62,2703.39,68.0,2,Yes
1871,Two Year,81.06,5587.7,69.0,3,Yes
1872,One Year,53.09,1956.71,37.0,1,No
1873,Month-to-Month,116.66,5713.29,49.0,0,No
1874,Two Year,73.52,951.45,13.0,1,No
1875,Two Year,102.54,3490.49,34.0,3,No
1876,Two Year,79.52,4208.54,53.0,2,No
1877,Month-to-Month,33.91,1730.26,51.0,2,No
1878,One Year,86.98,276.89,3.0,3,No
1879,Month-to-Month,115.63,4857.68,42.0,2,No
1880,One Year,84.15,2707.97,32.0,4,No
1881,Two Year,103.73,5302.25,51.0,0,No
1882,Two Year,109.58,5046.6,46.0,0,Yes
1883,Month-to-Month,50.53,1057.59,21.0,0,Yes
1884,Month-to-Month,49.08,2169.93,44.0,2,No
1885,One Year,84.99,932.39,11.0,2,No
1886,One Year,66.99,4555.3,68.0,1,No
1887,Month-to-Month,105.59,108.89,1.0,1,No
1888,One Year,111.0,6992.95,63.0,0,No
1889,Month-to-Month,61.81,1476.24,24.0,4,No
1890,One Year,51.32, ,13.0,1,No
1891,Month-to-Month,100.25,1112.34,11.0,1,Yes
1892,Month-to-Month,54.73,2796.93,51.0,2,No
1893,Month-to-Month,104.04, ,17.0,4,No
1894,One Year,68.14,1627.89,24.0,0,Yes
1895,One Year,90.08,1713.31,19.0,1,No
1896,One Year,38.6,1432.63,37.0,4,Yes
1897,Month-to-Month,86.15,674.02,8.0,4,No
1898,One Year,70.66,1977.59,28.0,0,No
1899,One Year,82.79,419.35,5.0,4,No
1900,Month-to-Month,45.12,,17.0,4,No
1901,Two Year,96.32,3470.08,36.0,4,No
1902,Month-to-Month,107.65,,19.0,1,No
1903,One Year,49.51,3177.73,64.0,0,No
1904,Month-to-Month,38.61,416.72,11.0,4,No
1905,Two Year,32.13,1723.6,54.0,4,No
1906,Month-to-Month,87.78,3950.39,45.0,1,No
1907,One Year,84.64,3963.74,47.0,0,No
1908,Two Year,79.2,929.35,12.0,2,No
1909,One Year,50.88,1079.32,21.0,1,No
1910,Two Year,65.18,707.14,11.0,0,No
1911,Two Year,83.5,,5.0,4,No
1912,Month-to-Month,74.71,4175.64,56.0,0,No
1913,Month-to-Month,118.9,2369.43,20.0,0,No
1914,One Year,42.28,1732.06,41.0,0,No
1915,Month-to-Month,92.56,4246.83,46.0,2,No
1916,Month-to-Month,66.39,801.66,12.0,0,No
1917,Two Year,68.54,4804.26,70.0,2,No
1918,Month-to-Month,94.58,1595.11,17.0,4,No
1919,Two Year,92.32,1747.9,19.0,2,No
1920,Two Year,119.21,3094.23,26.0,4,No
1921,Two Year,41.56,1993.23,48.0,4,No
1922,One Year,39.37,2058.07,52.0,2,Yes
1923,One Year,95.19,6674.7,70.0,1,Yes
1924,One Year,82.05,4537.74,55.0,3,Yes
1925,Two Year,54.67,1781.42,33.0,0,No
1926,One Year,37.15,2294.06,62.0,3,Yes
1927,One Year,37.71,885.47,23.0,0,Yes
1928,Month-to-Month,110.48,1639.19,15.0,0,No
1929,One Year,47.27, ,27.0,4,No
1930,One Year,59.1,3783.87,64.0,0,No
1931,Two Year,50.4,2572.24,51.0,0,No
1932,Two Year,61.95, ,53.0,2,Yes
1933,Two Year,36.25, ,51.0,3,No
1934,Two Year,76.72,3623.31,47.0,2,No
1935,Two Year,36.09,143.88,4.0,0,No
1936,Two Year,102.03,709.77,7.0,4,No
1937,One Year,51.03,1790.11,35.0,2,No
1938,Two Year,78.6,3770.88,48.0,2,No
1939,Two Year,109.21,4917.9,,1,No
1940,Month-to-Month,88.58,1674.52,19.0,0,Yes
1941,One Year,77.97,4911.34,63.0,4,Yes
1942,One Year,59.19,2242.81,38.0,2,Yes
1943,One Year,59.97,3999.95,67.0,2,No
1944,Two Year,90.25,5329.57,59.0,4,No
1945,Two Year,119.47,8231.09,69.0,0,Yes
1946,Two Year,89.57,1162.76,13.0,1,No
1947,Month-to-Month,80.2,3778.66,47.0,2,No
1948,Two Year,95.76,5826.38,61.0,1,Yes
1949,Month-to-Month,71.87,2234.02,31.0,3,No
1950,One Year,35.41,776.02,22.0,0,Yes
1951,Two Year,80.61,3456.56,43.0,3,No
1952,Month-to-Month,116.19,7804.96,67.0,3,No
1953,Month-to-Month,45.78,2472.11,54.0,3,Yes
1954,Two Year,92.1,915.32,10.0,0,Yes
1955,One Year,48.08,2011.56,42.0,0,No
1956,One Year,78.22,5014.89,64.0,4,Yes
1957,One Year,38.7,806.58,21.0,1,Yes
1958,Month-to-Month,70.53,4662.55,66.0,1,Yes
1959,Month-to-Month,98.05,,41.0,4,No
1960,Month-to-Month,61.28,1481.88,24.0,4,No
1961,Month-to-Month,89.84,3133.97,35.0,3,No
1962,One Year,101.59,5680.01,56.0,4,No
1963,Two Year,113.45,3400.69,30.0,2,Yes
1964,Month-to-Month,51.12,2911.86,57.0,1,Yes
1965,Month-to-Month,65.94,,47.0,4,No
1966,One Year,43.72,1556.51,35.0,2,No
1967,Two Year,119.32,2287.71,19.0,2,No
1968,Two Year,113.43,910.43,8.0,2,No
1969,One Year,78.6,2047.77,26.0,2,No
1970,One Year,105.78,7508.02,71.0,3,No
1971,Two Year,76.89,2296.2,30.0,2,No
1972,Month-to-Month,86.12,601.02,7.0,3,No
1973,Two Year,38.02,2555.05,67.0,3,No
1974,One Year,97.97,6381.11,65.0,2,Yes
1975,Month-to-Month,41.49,1503.6,36.0,1,No
1976,Month-to-Month,104.35,2593.65,25.0,2,No
1977,One Year,100.38,3711.17,37.0,2,No
1978,One Year,93.79,79.1,1.0,2,No
1979,One Year,33.25,510.44,15.0,1,No
1980,Two Year,57.28,2115.24,37.0,0,Yes
1981,Two Year,53.68,,13.0,0,No
1982,Month-to-Month,62.41,504.08,8.0,3,No
1983,One Year,37.89,217.11,5.0,3,No
1984,Month-to-Month,114.33,6862.48,60.0,1,No
1985,Month-to-Month,79.84,77.46,1.0,4,No
1986,Month-to-Month,57.5,2057.59,36.0,0,No
1987,Month-to-Month,65.73,2315.14,35.0,3,No
1988,One Year,70.25,4634.68,66.0,0,No
1989,Month-to-Month,84.05,5311.72,63.0,1,No
1990,One Year,76.41,1768.49,23.0,1,No
1991,One Year,112.75,1010.12,9.0,4,Yes
1992,Two Year,74.73,2526.9,34.0,4,No
1993,One Year,119.29,5490.07,46.0,1,Yes
1994,Two Year,106.63,420.37,4.0,3,No
1995,One Year,48.77,1463.49,30.0,0,No
1996,One Year,113.75,351.74,3.0,2,No
1997,One Year,40.47,550.04,14.0,4,No
1998,Two Year,103.57,6216.85,60.0,2,Yes
1999,Two Year,64.26,2899.3,45.0,3,Yes
2000,Month-to-Month,109.02,3714.76,34.0,4,No
1001,Two Year,37.22,1128.5,30.0,4,No
1002,Month-to-Month,77.21,447.26,6.0,4,No
1003,Two Year,66.94,,67.0,2,No
1004,Two Year,118.41,826.22,7.0,2,No
1005,Month-to-Month,40.08,2100.34,,1,Yes
1006,Month-to-Month,65.81,918.73,14.0,0,Yes
1007,Two Year,117.25,1756.1,15.0,1,No
1008,One Year,107.9,2252.27,21.0,1,No
1009,Two Year,103.54,3617.5,35.0,3,No
1010,Two Year,53.21,3503.69,66.0,3,No
1011,Two Year,45.38,83.11,2.0,1,No
1012,Two Year,90.18,3156.36,35.0,1,No
1013,Month-to-Month,113.64,2248.46,20.0,1,No
1014,Two Year,80.11,786.0,10.0,4,No
1015,One Year,81.45,2035.14,25.0,3,No
